Molecule,Formula,Degree,Betweenness,Scenarios,Role
CH₂O,Formaldehyde,28,0.42,All,Central building block
HCN,Hydrogen cyanide,24,0.38,All,Nitrogen source
NH₃,Ammonia,22,0.35,All,Amino group donor
H₂CO₃,Carbonic acid,19,0.31,"Hydro., Form.",Carbon source
C₂H₄O₂,Glycolaldehyde,18,0.29,All,Sugar precursor
HCOOH,Formic acid,17,0.26,All,Carboxyl donor
CH₃CHO,Acetaldehyde,16,0.24,"Miller-Urey, Form.",Amino acid precursor
H₂S,Hydrogen sulfide,14,0.21,Hydrothermal,Sulfur source
CO₂,Carbon dioxide,13,0.19,"Hydro., Form.",Carbon source
C₃H₃N,Acrylonitrile,12,0.17,Formamide,Nucleobase precursor
