{
  "molecules": [
    {
      "formula": "MOL_3_2",
      "name": null,
      "num_atoms": 3,
      "first_seen": 50000
    },
    {
      "formula": "MOL_2_1",
      "name": null,
      "num_atoms": 2,
      "first_seen": 50000
    },
    {
      "formula": "MOL_3_3",
      "name": null,
      "num_atoms": 3,
      "first_seen": 50000
    },
    {
      "formula": "MOL_4_4",
      "name": null,
      "num_atoms": 4,
      "first_seen": 50000
    },
    {
      "formula": "MOL_4_3",
      "name": null,
      "num_atoms": 4,
      "first_seen": 50000
    },
    {
      "formula": "MOL_5_5",
      "name": null,
      "num_atoms": 5,
      "first_seen": 50000
    },
    {
      "formula": "MOL_4_5",
      "name": null,
      "num_atoms": 4,
      "first_seen": 100000
    },
    {
      "formula": "MOL_5_4",
      "name": null,
      "num_atoms": 5,
      "first_seen": 100000
    },
    {
      "formula": "MOL_9_8",
      "name": null,
      "num_atoms": 9,
      "first_seen": 200000
    },
    {
      "formula": "MOL_7_9",
      "name": null,
      "num_atoms": 7,
      "first_seen": 200000
    },
    {
      "formula": "MOL_8_12",
      "name": null,
      "num_atoms": 8,
      "first_seen": 200000
    },
    {
      "formula": "MOL_13_20",
      "name": null,
      "num_atoms": 13,
      "first_seen": 200000
    },
    {
      "formula": "MOL_5_6",
      "name": null,
      "num_atoms": 5,
      "first_seen": 200000
    },
    {
      "formula": "MOL_10_15",
      "name": null,
      "num_atoms": 10,
      "first_seen": 200000
    },
    {
      "formula": "MOL_6_6",
      "name": null,
      "num_atoms": 6,
      "first_seen": 200000
    },
    {
      "formula": "MOL_6_10",
      "name": null,
      "num_atoms": 6,
      "first_seen": 200000
    },
    {
      "formula": "MOL_9_17",
      "name": null,
      "num_atoms": 9,
      "first_seen": 200000
    },
    {
      "formula": "MOL_6_5",
      "name": null,
      "num_atoms": 6,
      "first_seen": 200000
    },
    {
      "formula": "MOL_6_7",
      "name": null,
      "num_atoms": 6,
      "first_seen": 200000
    },
    {
      "formula": "MOL_5_8",
      "name": null,
      "num_atoms": 5,
      "first_seen": 200000
    },
    {
      "formula": "MOL_5_7",
      "name": null,
      "num_atoms": 5,
      "first_seen": 200000
    },
    {
      "formula": "MOL_7_8",
      "name": null,
      "num_atoms": 7,
      "first_seen": 200000
    },
    {
      "formula": "MOL_8_10",
      "name": null,
      "num_atoms": 8,
      "first_seen": 200000
    },
    {
      "formula": "MOL_4_6",
      "name": null,
      "num_atoms": 4,
      "first_seen": 200000
    },
    {
      "formula": "MOL_15_28",
      "name": null,
      "num_atoms": 15,
      "first_seen": 200000
    },
    {
      "formula": "MOL_7_10",
      "name": null,
      "num_atoms": 7,
      "first_seen": 200000
    },
    {
      "formula": "MOL_12_14",
      "name": null,
      "num_atoms": 12,
      "first_seen": 200000
    },
    {
      "formula": "MOL_7_7",
      "name": null,
      "num_atoms": 7,
      "first_seen": 200000
    },
    {
      "formula": "MOL_10_14",
      "name": null,
      "num_atoms": 10,
      "first_seen": 200000
    },
    {
      "formula": "MOL_10_13",
      "name": null,
      "num_atoms": 10,
      "first_seen": 250000
    },
    {
      "formula": "MOL_8_11",
      "name": null,
      "num_atoms": 8,
      "first_seen": 250000
    },
    {
      "formula": "MOL_6_12",
      "name": null,
      "num_atoms": 6,
      "first_seen": 250000
    },
    {
      "formula": "MOL_8_13",
      "name": null,
      "num_atoms": 8,
      "first_seen": 250000
    },
    {
      "formula": "MOL_9_15",
      "name": null,
      "num_atoms": 9,
      "first_seen": 250000
    },
    {
      "formula": "MOL_9_14",
      "name": null,
      "num_atoms": 9,
      "first_seen": 300000
    },
    {
      "formula": "MOL_6_8",
      "name": null,
      "num_atoms": 6,
      "first_seen": 300000
    },
    {
      "formula": "MOL_9_16",
      "name": null,
      "num_atoms": 9,
      "first_seen": 300000
    },
    {
      "formula": "MOL_9_13",
      "name": null,
      "num_atoms": 9,
      "first_seen": 300000
    },
    {
      "formula": "MOL_6_9",
      "name": null,
      "num_atoms": 6,
      "first_seen": 350000
    },
    {
      "formula": "MOL_14_27",
      "name": null,
      "num_atoms": 14,
      "first_seen": 350000
    },
    {
      "formula": "MOL_9_10",
      "name": null,
      "num_atoms": 9,
      "first_seen": 400000
    },
    {
      "formula": "MOL_13_17",
      "name": null,
      "num_atoms": 13,
      "first_seen": 400000
    },
    {
      "formula": "MOL_7_13",
      "name": null,
      "num_atoms": 7,
      "first_seen": 450000
    },
    {
      "formula": "MOL_7_6",
      "name": null,
      "num_atoms": 7,
      "first_seen": 450000
    }
  ],
  "reactions": [],
  "statistics": {
    "num_molecules": 44,
    "num_reactions": 0,
    "num_sources": 44,
    "num_sinks": 44,
    "num_hubs": 0,
    "avg_degree": 0.0,
    "max_degree": 0,
    "min_degree": 0
  }
}